-- ====================================================================
-- Dados iniciais — Operação Interior 2026 (consolidados em 06/05/2026)
-- ====================================================================

-- Limpa tabelas (idempotente — pode rodar múltiplas vezes)
TRUNCATE pagamentos, auditorias, pesquisadores, municipios RESTART IDENTITY CASCADE;

-- Municípios (61 da operação)
INSERT INTO municipios (nome, meta) VALUES ('Alvarães', 1);
INSERT INTO municipios (nome, meta) VALUES ('Amaturá', 1);
INSERT INTO municipios (nome, meta) VALUES ('Anamã', 1);
INSERT INTO municipios (nome, meta) VALUES ('Anori', 1);
INSERT INTO municipios (nome, meta) VALUES ('Apuí', 1);
INSERT INTO municipios (nome, meta) VALUES ('Atalaia do Norte', 1);
INSERT INTO municipios (nome, meta) VALUES ('Autazes', 1);
INSERT INTO municipios (nome, meta) VALUES ('Barcelos', 1);
INSERT INTO municipios (nome, meta) VALUES ('Barreirinha', 1);
INSERT INTO municipios (nome, meta) VALUES ('Benjamin Constant', 1);
INSERT INTO municipios (nome, meta) VALUES ('Beruri', 1);
INSERT INTO municipios (nome, meta) VALUES ('Boa Vista do Ramos', 1);
INSERT INTO municipios (nome, meta) VALUES ('Boca do Acre', 1);
INSERT INTO municipios (nome, meta) VALUES ('Borba', 1);
INSERT INTO municipios (nome, meta) VALUES ('Caapiranga', 1);
INSERT INTO municipios (nome, meta) VALUES ('Canutama', 1);
INSERT INTO municipios (nome, meta) VALUES ('Carauari', 1);
INSERT INTO municipios (nome, meta) VALUES ('Careiro', 1);
INSERT INTO municipios (nome, meta) VALUES ('Careiro da Várzea', 1);
INSERT INTO municipios (nome, meta) VALUES ('Coari', 2);
INSERT INTO municipios (nome, meta) VALUES ('Codajás', 1);
INSERT INTO municipios (nome, meta) VALUES ('Eirunepé', 1);
INSERT INTO municipios (nome, meta) VALUES ('Envira', 1);
INSERT INTO municipios (nome, meta) VALUES ('Fonte Boa', 1);
INSERT INTO municipios (nome, meta) VALUES ('Guajará', 1);
INSERT INTO municipios (nome, meta) VALUES ('Humaitá', 2);
INSERT INTO municipios (nome, meta) VALUES ('Ipixuna', 1);
INSERT INTO municipios (nome, meta) VALUES ('Iranduba', 2);
INSERT INTO municipios (nome, meta) VALUES ('Itacoatiara', 2);
INSERT INTO municipios (nome, meta) VALUES ('Itamarati', 1);
INSERT INTO municipios (nome, meta) VALUES ('Itapiranga', 1);
INSERT INTO municipios (nome, meta) VALUES ('Japurá', 1);
INSERT INTO municipios (nome, meta) VALUES ('Juruá', 1);
INSERT INTO municipios (nome, meta) VALUES ('Jutaí', 1);
INSERT INTO municipios (nome, meta) VALUES ('Lábrea', 1);
INSERT INTO municipios (nome, meta) VALUES ('Manacapuru', 2);
INSERT INTO municipios (nome, meta) VALUES ('Manaquiri', 1);
INSERT INTO municipios (nome, meta) VALUES ('Manicoré', 2);
INSERT INTO municipios (nome, meta) VALUES ('Maraã', 1);
INSERT INTO municipios (nome, meta) VALUES ('Maués', 2);
INSERT INTO municipios (nome, meta) VALUES ('Nhamundá', 1);
INSERT INTO municipios (nome, meta) VALUES ('Nova Olinda do Norte', 1);
INSERT INTO municipios (nome, meta) VALUES ('Novo Airão', 1);
INSERT INTO municipios (nome, meta) VALUES ('Novo Aripuanã', 1);
INSERT INTO municipios (nome, meta) VALUES ('Parintins', 2);
INSERT INTO municipios (nome, meta) VALUES ('Pauini', 1);
INSERT INTO municipios (nome, meta) VALUES ('Presidente Figueiredo', 1);
INSERT INTO municipios (nome, meta) VALUES ('Rio Preto da Eva', 1);
INSERT INTO municipios (nome, meta) VALUES ('Santa Isabel do Rio Negro', 1);
INSERT INTO municipios (nome, meta) VALUES ('Santo Antônio do Içá', 1);
INSERT INTO municipios (nome, meta) VALUES ('Silves', 1);
INSERT INTO municipios (nome, meta) VALUES ('São Gabriel da Cachoeira', 1);
INSERT INTO municipios (nome, meta) VALUES ('São Paulo de Olivença', 1);
INSERT INTO municipios (nome, meta) VALUES ('São Sebastião do Uatumã', 1);
INSERT INTO municipios (nome, meta) VALUES ('Tabatinga', 2);
INSERT INTO municipios (nome, meta) VALUES ('Tapauá', 1);
INSERT INTO municipios (nome, meta) VALUES ('Tefé', 2);
INSERT INTO municipios (nome, meta) VALUES ('Tonantins', 1);
INSERT INTO municipios (nome, meta) VALUES ('Uarini', 1);
INSERT INTO municipios (nome, meta) VALUES ('Urucará', 1);
INSERT INTO municipios (nome, meta) VALUES ('Urucurituba', 1);
INSERT INTO municipios (nome, meta) VALUES ('TOTAL / MÉDIA', 71);

-- Pesquisadores (76 ativos)
INSERT INTO pesquisadores (nome, municipio, telefone, cpf, email, aprovacao, status_grupo, decisao_atual, audit_pendente, pix, banco, origem, proxima_acao) VALUES ('Edson Ruiz Gonzales', 'Atalaia do Norte', '97984540498', '711.246.272-00', 'gonzalesedson328@gmail.com', 'APROVADO', 'ADICIONADO AO GRUPO', 'PENDENTE', FALSE, '97984540498', 'Mercado Pago', 'Anúncio no Facebook', 'Acompanhar');
INSERT INTO pesquisadores (nome, municipio, telefone, cpf, email, aprovacao, status_grupo, decisao_atual, audit_pendente, pix, banco, origem, proxima_acao) VALUES ('Eldreane Jansea Vale da Silva', 'Autazes', '97984358846', '992.168.762-04', 'eldreanebarreto29@gmail.com', 'APROVADO', 'ADICIONADO AO GRUPO', 'PENDENTE', FALSE, '97984358846', 'Itaú', 'Instagram', 'Acompanhar');
INSERT INTO pesquisadores (nome, municipio, telefone, cpf, email, aprovacao, status_grupo, decisao_atual, audit_pendente, pix, banco, origem, proxima_acao) VALUES ('Ronald Alves Siqueira', 'Barcelos', '97984270565', '031.786.822-52', 'ronaldalves856645ronald@gmail.com', 'APROVADO', 'ADICIONADO AO GRUPO', 'PENDENTE', FALSE, '031.786.822-52', 'Nubank', 'Instagram', 'Acompanhar');
INSERT INTO pesquisadores (nome, municipio, telefone, cpf, email, aprovacao, status_grupo, decisao_atual, audit_pendente, pix, banco, origem, proxima_acao) VALUES ('Francinei Duarte da Silva', 'Beruri', '91991857953', '741.307.222-04', 'duartefrancinei@gmail.com', 'APROVADO', 'A REMOVER', 'ELIMINADO', FALSE, '741.307.222-04', 'Nubank', 'Instagram', 'Suspender pagamento, remover do grupo');
INSERT INTO pesquisadores (nome, municipio, telefone, cpf, email, aprovacao, status_grupo, decisao_atual, audit_pendente, pix, banco, origem, proxima_acao) VALUES ('Vitor dos Santos Lima', 'Beruri', '92992810673', '051.821.542-32', 'santoslimav36@gmail.com', 'APROVADO', 'A ADICIONAR', 'TITULAR (a ativar)', FALSE, 'vitorsantoslima@icloud.com', 'Itaú', 'Instagram', 'Adicionar ao grupo de WhatsApp');
INSERT INTO pesquisadores (nome, municipio, telefone, cpf, email, aprovacao, status_grupo, decisao_atual, audit_pendente, pix, banco, origem, proxima_acao) VALUES ('Hillary Kellem dos Santos da Silva', 'Boa Vista do Ramos', '92993322355', '041.017.972-85', 'hillarykellem05@gmail.com', 'APROVADO', 'ADICIONADO AO GRUPO', 'PENDENTE', FALSE, '92993322355', 'Haitong', 'Indicação de amigo ou familiar', 'Acompanhar');
INSERT INTO pesquisadores (nome, municipio, telefone, cpf, email, aprovacao, status_grupo, decisao_atual, audit_pendente, pix, banco, origem, proxima_acao) VALUES ('Luis Rodrigues de Souza', 'Boca do Acre', '97996122555', '040.935.512-78', 'souzaluis12345zt@gmail.com', 'APROVADO', 'ADICIONADO AO GRUPO', 'APROVADO', FALSE, 'Souzaluis12345zt@gmail.com', 'Caixa Econômica Federal', 'Instagram', 'Confirmar disponibilidade próxima rodada');
INSERT INTO pesquisadores (nome, municipio, telefone, cpf, email, aprovacao, status_grupo, decisao_atual, audit_pendente, pix, banco, origem, proxima_acao) VALUES ('Gleisson Figueiredo da Silva', 'Boca do Acre', '97988049661', '894.240.342-53', 'gleyson288@gmail.com', 'APROVADO', 'ADICIONADO AO GRUPO', 'PENDENTE', FALSE, '894.240.342-53', 'Itaú', 'Instagram', 'Acompanhar');
INSERT INTO pesquisadores (nome, municipio, telefone, cpf, email, aprovacao, status_grupo, decisao_atual, audit_pendente, pix, banco, origem, proxima_acao) VALUES ('Kathia Antonia Fernandes Barba', 'Borba', '92984826908', '978.415.282-72', 'kathiabarba37@gmail.com', 'APROVADO', 'ADICIONADO AO GRUPO', 'PENDENTE', FALSE, '978.415.282-72', 'Caixa Econômica Federal', 'Instagram', 'Acompanhar');
INSERT INTO pesquisadores (nome, municipio, telefone, cpf, email, aprovacao, status_grupo, decisao_atual, audit_pendente, pix, banco, origem, proxima_acao) VALUES ('Abdiel dos Santos Vieira', 'Caapiranga', '11969109576', '081.516.672-90', 'abdielvieira25@gmail.com', 'RESERVA', 'ADICIONADO AO GRUPO', 'PENDENTE', FALSE, '92992158894', 'Nubank', 'Instagram', 'Acompanhar');
INSERT INTO pesquisadores (nome, municipio, telefone, cpf, email, aprovacao, status_grupo, decisao_atual, audit_pendente, pix, banco, origem, proxima_acao) VALUES ('Jander Ruzo Batista', 'Caapiranga', '92992572328', '700.982.352-90', 'ruzojander@gmail.com', 'APROVADO', 'A ADICIONAR', 'TITULAR (a ativar)', FALSE, '92992572328', 'Nubank', 'Anúncio no Facebook', 'Adicionar ao grupo de WhatsApp');
INSERT INTO pesquisadores (nome, municipio, telefone, cpf, email, aprovacao, status_grupo, decisao_atual, audit_pendente, pix, banco, origem, proxima_acao) VALUES ('Jonathan Kennedy Alves Rodrigues', 'Carauari', '97991772532', NULL, 'jonathankennedy2022@gmail.com', 'APROVADO', 'ADICIONADO AO GRUPO', 'PENDENTE', FALSE, '009.081.912-86', 'Banco do Brasil', NULL, 'Acompanhar');
INSERT INTO pesquisadores (nome, municipio, telefone, cpf, email, aprovacao, status_grupo, decisao_atual, audit_pendente, pix, banco, origem, proxima_acao) VALUES ('Herivelton Pereira da Silva', 'Carauari', '97991787807', '828.872.502-30', 'herivelton.silva@prof.am.gov.br', 'RESERVA', 'ADICIONADO AO GRUPO', 'PENDENTE', FALSE, '828.872.502-30', 'Banco do Brasil', 'Anúncio no Facebook', 'Acompanhar');
INSERT INTO pesquisadores (nome, municipio, telefone, cpf, email, aprovacao, status_grupo, decisao_atual, audit_pendente, pix, banco, origem, proxima_acao) VALUES ('Michelle Dias Sobrinho', 'Careiro', '92984536575', NULL, 'diaschelle285@gmail.com', 'APROVADO', 'ADICIONADO AO GRUPO', 'APROVADO C/ OBS', FALSE, '963.888.202-63', 'Caixa Econômica Federal', 'Instagram', 'Enviar feedback escrito');
INSERT INTO pesquisadores (nome, municipio, telefone, cpf, email, aprovacao, status_grupo, decisao_atual, audit_pendente, pix, banco, origem, proxima_acao) VALUES ('Adma Silva de Souza', 'Careiro', '92992262656', '049.721.432-66', 'silvaadma76@gmail.com', 'APROVADO', 'ADICIONADO AO GRUPO', 'PENDENTE', FALSE, '92992262656', 'Neon pagamentos', 'Instagram', 'Acompanhar');
INSERT INTO pesquisadores (nome, municipio, telefone, cpf, email, aprovacao, status_grupo, decisao_atual, audit_pendente, pix, banco, origem, proxima_acao) VALUES ('Lucas dos Anjos Carvalho da Silva', 'Careiro da Várzea', '92991813545', '084.207.382-55', 'anjoslucas706@gmail.com', 'APROVADO', 'ADICIONADO AO GRUPO', 'ADVERTÊNCIA FINAL', FALSE, '084.207.382-55', 'Next', 'Instagram', 'Última chance — reauditoria 100% próxima');
INSERT INTO pesquisadores (nome, municipio, telefone, cpf, email, aprovacao, status_grupo, decisao_atual, audit_pendente, pix, banco, origem, proxima_acao) VALUES ('Ecivaldo Gonçalves da Costa', 'Coari', '97981005693', '698.445.422-00', 'ecivaldogoncalvesdacosta734@gmail.com', 'APROVADO', 'ADICIONADO AO GRUPO', 'PENDENTE', FALSE, '698.445.422-00', 'Banco do Brasil', 'Anúncio no Facebook', 'Acompanhar');
INSERT INTO pesquisadores (nome, municipio, telefone, cpf, email, aprovacao, status_grupo, decisao_atual, audit_pendente, pix, banco, origem, proxima_acao) VALUES ('Mizael Pimenta Araújo', 'Coari', '97984041255', '064.189.282-96', 'mizaelaraujo.br@gmail.com', 'APROVADO', 'ADICIONADO AO GRUPO', 'PENDENTE', FALSE, '064.189.282-96', 'Bradesco', 'Instagram', 'Acompanhar');
INSERT INTO pesquisadores (nome, municipio, telefone, cpf, email, aprovacao, status_grupo, decisao_atual, audit_pendente, pix, banco, origem, proxima_acao) VALUES ('Ayron Franco Dourado', 'Eirunepé', '97984472094', '076.692.782-26', 'ayronfrancod@gmail.com', 'APROVADO', 'ADICIONADO AO GRUPO', 'PENDENTE', FALSE, 'ayronfrancod@gmail.com', 'Itaú', 'Instagram', 'Acompanhar');
INSERT INTO pesquisadores (nome, municipio, telefone, cpf, email, aprovacao, status_grupo, decisao_atual, audit_pendente, pix, banco, origem, proxima_acao) VALUES ('Antonio Janderson da Silva Farias', 'Eirunepé', '97984327183', '054.275.362-64', 'fariasjanderson09@gmail.com', 'APROVADO', 'ADICIONADO AO GRUPO', 'PENDENTE', FALSE, '97991572324', 'Banco do Brasil', 'Instagram', 'Acompanhar');
INSERT INTO pesquisadores (nome, municipio, telefone, cpf, email, aprovacao, status_grupo, decisao_atual, audit_pendente, pix, banco, origem, proxima_acao) VALUES ('Paloma da Costa Xavier', 'Eirunepé', '97984634078', '098.245.422-80', 'xavierpaloma456@gmail.com', 'RESERVA', 'ADICIONADO AO GRUPO', 'PENDENTE', FALSE, '098.245.422-80', 'Nubank', 'Instagram', 'Acompanhar');
INSERT INTO pesquisadores (nome, municipio, telefone, cpf, email, aprovacao, status_grupo, decisao_atual, audit_pendente, pix, banco, origem, proxima_acao) VALUES ('Washigton Luis Morais Figueiredo', 'Envira', '97981091677', '058.852.152-35', 'lwashigton01@gmail.com', 'APROVADO', 'ADICIONADO AO GRUPO', 'AJUSTES IMPORTANTES', FALSE, '058.852.152-35', 'Itaú', 'Instagram', 'Retreinamento intensivo + reauditoria 100% próxima');
INSERT INTO pesquisadores (nome, municipio, telefone, cpf, email, aprovacao, status_grupo, decisao_atual, audit_pendente, pix, banco, origem, proxima_acao) VALUES ('Leonardo Monteiro de Souza', 'Fonte Boa', '97984577628', '034.334.862-47', 'kannekii2024@gmail.com', 'APROVADO', 'ADICIONADO AO GRUPO', 'AJUSTES IMPORTANTES', FALSE, '034.334.862-47', 'Nubank', 'Instagram', 'Retreinamento intensivo + reauditoria 100% próxima');
INSERT INTO pesquisadores (nome, municipio, telefone, cpf, email, aprovacao, status_grupo, decisao_atual, audit_pendente, pix, banco, origem, proxima_acao) VALUES ('Carlos Henrique Rocha da Silva', 'Guajará', '68999373983', '708.576.392-26', 'henriquecursos2024@gmail.com', 'APROVADO', 'ADICIONADO AO GRUPO', 'PENDENTE', FALSE, '708.576.392-26', 'Inter', 'Instagram', 'Acompanhar');
INSERT INTO pesquisadores (nome, municipio, telefone, cpf, email, aprovacao, status_grupo, decisao_atual, audit_pendente, pix, banco, origem, proxima_acao) VALUES ('Joel Guerreiro Nascimento', 'Humaitá', '97981228316', '021.571.152-18', 'jo17.guerreiro@gmail.com', 'APROVADO', 'ADICIONADO AO GRUPO', 'PENDENTE', FALSE, '021.571.152-18', 'Santander', 'Instagram', 'Acompanhar');
INSERT INTO pesquisadores (nome, municipio, telefone, cpf, email, aprovacao, status_grupo, decisao_atual, audit_pendente, pix, banco, origem, proxima_acao) VALUES ('Emilly Kamyle Marques de Oliveira', 'Itacoatiara', '92994399204', '058.016.532-95', 'emillykamylemarques@gmail.com', 'RESERVA', 'ADICIONADO AO GRUPO', 'PENDENTE', FALSE, '058.016.532-95', 'Inter', 'Anúncio no Facebook', 'Acompanhar');
INSERT INTO pesquisadores (nome, municipio, telefone, cpf, email, aprovacao, status_grupo, decisao_atual, audit_pendente, pix, banco, origem, proxima_acao) VALUES ('Lubiane da Costa Farias', 'Itacoatiara', '92984092267', NULL, 'lubiacosta4@gmail.com', 'ELIMINADO', 'ADICIONADO AO GRUPO', 'PENDENTE', FALSE, '724.655.062-34', 'Nubank', NULL, 'Acompanhar');
INSERT INTO pesquisadores (nome, municipio, telefone, cpf, email, aprovacao, status_grupo, decisao_atual, audit_pendente, pix, banco, origem, proxima_acao) VALUES ('Andrei dos Santos Siqueira', 'Itamarati', '97984300320', '020.673.642-86', 'andreisantossiqueira@gmail.com', 'APROVADO', 'ADICIONADO AO GRUPO', 'ADVERTÊNCIA FINAL', FALSE, '97984300320', 'Nubank', 'Anúncio no Facebook', 'Última chance — reauditoria 100% próxima');
INSERT INTO pesquisadores (nome, municipio, telefone, cpf, email, aprovacao, status_grupo, decisao_atual, audit_pendente, pix, banco, origem, proxima_acao) VALUES ('Everton Mendes de Souza', 'Juruá', '92986471331', '856.320.822-53', 'evertonmendessp@gmail.com', 'APROVADO', 'ADICIONADO AO GRUPO', 'AJUSTES SIMPLES', FALSE, '92986471331', NULL, 'Instagram', 'Retreinamento focal');
INSERT INTO pesquisadores (nome, municipio, telefone, cpf, email, aprovacao, status_grupo, decisao_atual, audit_pendente, pix, banco, origem, proxima_acao) VALUES ('Maycon da Silva Sampaio', 'Juruá', '97984273095', '010.825.262-07', 'top.maycon4@gmail.com', 'APROVADO', 'ADICIONADO AO GRUPO', 'AUDITORIA PENDENTE', TRUE, 'maycontech7@gmail.com', 'Nubank', 'Instagram', 'Cobrar conclusão da auditoria');
INSERT INTO pesquisadores (nome, municipio, telefone, cpf, email, aprovacao, status_grupo, decisao_atual, audit_pendente, pix, banco, origem, proxima_acao) VALUES ('Luiz da Silva Pimentel', 'Juruá', '97984176059', '025.968.292-66', 'luiztadokira@gmail.com', 'APROVADO', 'ADICIONADO AO GRUPO', 'PENDENTE', FALSE, '025.968.292-66', 'Bradesco', 'Instagram', 'Acompanhar');
INSERT INTO pesquisadores (nome, municipio, telefone, cpf, email, aprovacao, status_grupo, decisao_atual, audit_pendente, pix, banco, origem, proxima_acao) VALUES ('Leonardo da Silva Souza', 'Lábrea', '97984236957', '077.263.072-00', 'leonardosilvasouza1515@gmail.com', 'APROVADO', 'ADICIONADO AO GRUPO', 'PENDENTE', FALSE, 'ec0a2d7f-7985-425f-9fa6-a0d60be4b961', 'Inter', 'Instagram', 'Acompanhar');
INSERT INTO pesquisadores (nome, municipio, telefone, cpf, email, aprovacao, status_grupo, decisao_atual, audit_pendente, pix, banco, origem, proxima_acao) VALUES ('Luziani Monteiro da Silva', 'Lábrea', '69993713349', '001.209.232-03', 'luzianemonteiro652@gmail.com', 'APROVADO', 'ADICIONADO AO GRUPO', 'PENDENTE', FALSE, '001.209.232-03', 'Bradesco', 'Anúncio no Facebook', 'Acompanhar');
INSERT INTO pesquisadores (nome, municipio, telefone, cpf, email, aprovacao, status_grupo, decisao_atual, audit_pendente, pix, banco, origem, proxima_acao) VALUES ('Franquinaldo Pereira Duarte', 'Lábrea', '92981472031', '015.694.052-39', 'frankduarte164@gmail.com', 'RESERVA', 'ADICIONADO AO GRUPO', 'PENDENTE', FALSE, '015.694.052-39', 'Inter', 'Anúncio no Facebook', 'Acompanhar');
INSERT INTO pesquisadores (nome, municipio, telefone, cpf, email, aprovacao, status_grupo, decisao_atual, audit_pendente, pix, banco, origem, proxima_acao) VALUES ('Giovanni Lima da Silva', 'Lábrea', '92985618104', '893.442.512-15', 'ghyowanny.smith@gmail.com', 'APROVADO', 'ADICIONADO AO GRUPO', 'PENDENTE', FALSE, 'lima.giovanni99@gmail.com', 'Bradesco', 'Anuncio no Instagram', 'Acompanhar');
INSERT INTO pesquisadores (nome, municipio, telefone, cpf, email, aprovacao, status_grupo, decisao_atual, audit_pendente, pix, banco, origem, proxima_acao) VALUES ('Elivilson da Silva Nogueira', 'Manacapuru', '92992651907', '445.418.992-72', 'esilvanogueira1972@gmail.com', 'APROVADO', 'ADICIONADO AO GRUPO', 'AJUSTES IMPORTANTES', FALSE, '445.418.992-72', 'Santander', NULL, 'Retreinamento intensivo + reauditoria 100% próxima');
INSERT INTO pesquisadores (nome, municipio, telefone, cpf, email, aprovacao, status_grupo, decisao_atual, audit_pendente, pix, banco, origem, proxima_acao) VALUES ('Juliano Costa de Souza', 'Manacapuru', '92994660808', '035.844.432-29', 'julianocostaoficial23@gmail.com', 'APROVADO', 'ADICIONADO AO GRUPO', 'PENDENTE', FALSE, '035.844.432-29', 'Cloud', 'Anúncio no Facebook', 'Acompanhar');
INSERT INTO pesquisadores (nome, municipio, telefone, cpf, email, aprovacao, status_grupo, decisao_atual, audit_pendente, pix, banco, origem, proxima_acao) VALUES ('Leonardo Carvalho Reis', 'Manacapuru', '92994719658', '104.519.682-71', 'leo.crcarvalhoreis@gmail.com', 'APROVADO', 'ADICIONADO AO GRUPO', 'PENDENTE', FALSE, '104.519.682-71', 'Nubank', 'Instagram', 'Acompanhar');
INSERT INTO pesquisadores (nome, municipio, telefone, cpf, email, aprovacao, status_grupo, decisao_atual, audit_pendente, pix, banco, origem, proxima_acao) VALUES ('Gabrielle dos Santos Martins', 'Manaquiri', '92984513767', '030.819.132-33', 'gabriellemartins1973@gmail.com', 'APROVADO', 'ADICIONADO AO GRUPO', 'PENDENTE', FALSE, '92984513767', 'Inter', 'Instagram', 'Acompanhar');
INSERT INTO pesquisadores (nome, municipio, telefone, cpf, email, aprovacao, status_grupo, decisao_atual, audit_pendente, pix, banco, origem, proxima_acao) VALUES ('Cristian Marckson dos Santos Rolim', 'Maués', '92992941558', '037.848.672-19', 'sitefotonaltas@gmail.com', 'APROVADO', 'ADICIONADO AO GRUPO', 'ADVERTÊNCIA FINAL', FALSE, '52163e37-1d16-4f40-850f-e399d1206380', 'Caixa Econômica Federal', 'Instagram', 'Última chance — reauditoria 100% próxima');
INSERT INTO pesquisadores (nome, municipio, telefone, cpf, email, aprovacao, status_grupo, decisao_atual, audit_pendente, pix, banco, origem, proxima_acao) VALUES ('Elcicley de Almeida Medeiros', 'Maués', '92991505003', NULL, 'elcicleyestudos72@gmail.com', 'RESERVA', 'ADICIONADO AO GRUPO', 'PENDENTE', FALSE, '343.154.892-04', 'Bradesco', 'Instagram', 'Acompanhar');
INSERT INTO pesquisadores (nome, municipio, telefone, cpf, email, aprovacao, status_grupo, decisao_atual, audit_pendente, pix, banco, origem, proxima_acao) VALUES ('Maykon dos Santos da Silva', 'Maués', '92981000561', '809.234.022-68', 'maykondossantosdasilvad2@gmail.com', 'APROVADO', 'ADICIONADO AO GRUPO', 'PENDENTE', FALSE, '809.234.022.68', 'Picpay', 'Instagram', 'Acompanhar');
INSERT INTO pesquisadores (nome, municipio, telefone, cpf, email, aprovacao, status_grupo, decisao_atual, audit_pendente, pix, banco, origem, proxima_acao) VALUES ('Marco Antônio da Silva Tavares', 'Maués', '92981541900', '007.348.072-01', 'marcotavares2207@gmail.com', 'APROVADO', 'ADICIONADO AO GRUPO', 'PENDENTE', FALSE, '007.348.072-01', 'Santander', 'Anúncio no Facebook', 'Acompanhar');
INSERT INTO pesquisadores (nome, municipio, telefone, cpf, email, aprovacao, status_grupo, decisao_atual, audit_pendente, pix, banco, origem, proxima_acao) VALUES ('Antonio de Oliveira Cavalcante', 'Maués', '92991588339', '022.368.232-23', 'antonioliveira.ao13@gmail.com', 'APROVADO', 'ADICIONADO AO GRUPO', 'PENDENTE', FALSE, '022.368.232-23', 'Next', 'Instagram', 'Acompanhar');
INSERT INTO pesquisadores (nome, municipio, telefone, cpf, email, aprovacao, status_grupo, decisao_atual, audit_pendente, pix, banco, origem, proxima_acao) VALUES ('Arilson de Azevedo Costa', 'Nhamundá', '92992263465', '011.497.472-18', 'enfermeiroarilsoncosta@gmail.com', 'APROVADO', 'ADICIONADO AO GRUPO', 'PENDENTE', FALSE, '011.497.472-18', 'Bradesco', 'Anúncio no Facebook', 'Acompanhar');
INSERT INTO pesquisadores (nome, municipio, telefone, cpf, email, aprovacao, status_grupo, decisao_atual, audit_pendente, pix, banco, origem, proxima_acao) VALUES ('Herculano de Souza Neves Neto', 'Nhamundá', '92994758976', '003.226.552-26', 'herculanonetopro@gmail.com', 'APROVADO', 'ADICIONADO AO GRUPO', 'PENDENTE', FALSE, '92994758976', 'Nubank', 'Instagram', 'Acompanhar');
INSERT INTO pesquisadores (nome, municipio, telefone, cpf, email, aprovacao, status_grupo, decisao_atual, audit_pendente, pix, banco, origem, proxima_acao) VALUES ('Silvana Raposo dos Santos', 'Novo Aripuanã', '97984098459', '952.900.792-20', 'silvanaarteempapel@gmail.com', 'APROVADO', 'ADICIONADO AO GRUPO', 'PENDENTE', FALSE, '952.900.792-20', 'Bradesco', 'Anúncio no Facebook', 'Acompanhar');
INSERT INTO pesquisadores (nome, municipio, telefone, cpf, email, aprovacao, status_grupo, decisao_atual, audit_pendente, pix, banco, origem, proxima_acao) VALUES ('Karla Magalhães Soares', 'Novo Aripuanã', '97984087916', '045.107.422-07', 'karlamagalhaessoares@gmail.com', 'APROVADO', 'ADICIONADO AO GRUPO', 'PENDENTE', FALSE, '97984087916', 'Picpay', 'Grupo de WhatsApp', 'Acompanhar');
INSERT INTO pesquisadores (nome, municipio, telefone, cpf, email, aprovacao, status_grupo, decisao_atual, audit_pendente, pix, banco, origem, proxima_acao) VALUES ('Doriney Batista Correa', 'Novo Aripuanã', '97984169504', '036.815.672-98', 'dorineybatista011@gmail.com', 'APROVADO', 'ADICIONADO AO GRUPO', 'PENDENTE', FALSE, '036.815.672-98', 'Nubank', 'Instagram', 'Acompanhar');
INSERT INTO pesquisadores (nome, municipio, telefone, cpf, email, aprovacao, status_grupo, decisao_atual, audit_pendente, pix, banco, origem, proxima_acao) VALUES ('Maria Dilcimara de Paula Muniz', 'Parintins', '92991759105', '837.136.462-87', 'yarapaula72@gmail.com', 'APROVADO', 'ADICIONADO AO GRUPO', 'APROVADO C/ OBS', FALSE, '92991759105', 'Nubank', 'Indicação de amigo ou familiar', 'Enviar feedback escrito');
INSERT INTO pesquisadores (nome, municipio, telefone, cpf, email, aprovacao, status_grupo, decisao_atual, audit_pendente, pix, banco, origem, proxima_acao) VALUES ('Marlon Portilho de Andrade', 'Parintins', '92981699281', '067.124.692-52', 'marlonportilho52@gmail.com', 'APROVADO', 'ADICIONADO AO GRUPO', 'PENDENTE', FALSE, 'bc3d7f53-ac86-4d1a-8b44-8c1a806048c6', 'Mercado pago', 'Anúncio no Facebook', 'Acompanhar');
INSERT INTO pesquisadores (nome, municipio, telefone, cpf, email, aprovacao, status_grupo, decisao_atual, audit_pendente, pix, banco, origem, proxima_acao) VALUES ('Sabrina Souza e Souza', 'Parintins', '92991420833', '025.538.352-56', 'souza31sabrina@gmail.com', 'APROVADO', 'ADICIONADO AO GRUPO', 'PENDENTE', FALSE, '92991420833', 'Nubank', 'Instagram', 'Acompanhar');
INSERT INTO pesquisadores (nome, municipio, telefone, cpf, email, aprovacao, status_grupo, decisao_atual, audit_pendente, pix, banco, origem, proxima_acao) VALUES ('Luciana Fragata Pinheiro', 'Parintins', '92985545437', NULL, 'lucianafragata18@gmail.com', 'APROVADO', 'ADICIONADO AO GRUPO', 'PENDENTE', FALSE, '034.321.082-73', 'Mercado pago', 'Instagram', 'Acompanhar');
INSERT INTO pesquisadores (nome, municipio, telefone, cpf, email, aprovacao, status_grupo, decisao_atual, audit_pendente, pix, banco, origem, proxima_acao) VALUES ('Leonan Santos Oliveira', 'Parintins', '92992599467', '014.101.352-41', 'leonansantosoliveira2025@gmail.com', 'APROVADO', 'ADICIONADO AO GRUPO', 'PENDENTE', FALSE, '92992599467', 'AgilBank', 'Anúncio no Facebook', 'Acompanhar');
INSERT INTO pesquisadores (nome, municipio, telefone, cpf, email, aprovacao, status_grupo, decisao_atual, audit_pendente, pix, banco, origem, proxima_acao) VALUES ('Jânio Marx Rodrigues de Oliveira', 'Parintins', '92984081806', '051.550.482-30', 'janiomarx03@gmail.com', 'RESERVA', 'ADICIONADO AO GRUPO', 'PENDENTE', FALSE, '051.550.482-30', 'Nubank', 'Indicação de amigo ou familiar', 'Acompanhar');
INSERT INTO pesquisadores (nome, municipio, telefone, cpf, email, aprovacao, status_grupo, decisao_atual, audit_pendente, pix, banco, origem, proxima_acao) VALUES ('Paula Itacyara Viana Pinho Crespo', 'Presidente Figueiredo', '92993283672', '526.242.692-15', 'itacyarapinho@gmail.com', 'APROVADO', 'ADICIONADO AO GRUPO', 'AJUSTES SIMPLES', FALSE, '526.242.692-15', 'Bradesco', 'Indicação de amigo ou familiar', 'Retreinamento focal');
INSERT INTO pesquisadores (nome, municipio, telefone, cpf, email, aprovacao, status_grupo, decisao_atual, audit_pendente, pix, banco, origem, proxima_acao) VALUES ('Ana Karolina Moraes Bruce', 'Presidente Figueiredo', '92985078754', '702.295.712-63', 'karolbruce1608@gmail.com', 'APROVADO', 'ADICIONADO AO GRUPO', 'PENDENTE', FALSE, '92984004110', 'Nubank', 'Indicação', 'Acompanhar');
INSERT INTO pesquisadores (nome, municipio, telefone, cpf, email, aprovacao, status_grupo, decisao_atual, audit_pendente, pix, banco, origem, proxima_acao) VALUES ('Luiz Ricardo Tiago da Silva', 'Santa Isabel do Rio Negro', '97991475925', '797.571.622-72', 'ricardots03@gmail.com', 'RESERVA', 'ADICIONADO AO GRUPO', 'AJUSTES IMPORTANTES', FALSE, '97981002598', 'Picpay', 'Instagram', 'Retreinamento intensivo + reauditoria 100% próxima');
INSERT INTO pesquisadores (nome, municipio, telefone, cpf, email, aprovacao, status_grupo, decisao_atual, audit_pendente, pix, banco, origem, proxima_acao) VALUES ('Edvan Silva dos Santos', 'Santo Antônio do Içá', '97984269568', '062.907.352-09', 'almirgouveia947@gmail.com', 'APROVADO', 'ADICIONADO AO GRUPO', 'PENDENTE', FALSE, '97984269568', 'Nubank', 'Instagram', 'Acompanhar');
INSERT INTO pesquisadores (nome, municipio, telefone, cpf, email, aprovacao, status_grupo, decisao_atual, audit_pendente, pix, banco, origem, proxima_acao) VALUES ('Reginey Costa dos Santos', 'Santo Antônio do Içá', '97984172945', NULL, 'reginey.costa.santos@gmail.com', 'ELIMINADO', 'ADICIONADO AO GRUPO', 'PENDENTE', FALSE, '2828141241', 'Nubank', 'Instagram', 'Acompanhar');
INSERT INTO pesquisadores (nome, municipio, telefone, cpf, email, aprovacao, status_grupo, decisao_atual, audit_pendente, pix, banco, origem, proxima_acao) VALUES ('Daiane Vargas da Silva', 'São Gabriel da Cachoeira', '97984256399', '058.549.862-80', 'daiane.dayvargaz@gmail.com', 'APROVADO', 'ADICIONADO AO GRUPO', 'PENDENTE', FALSE, '058.549.862-80', 'Banco do Brasil', 'Instagram', 'Acompanhar');
INSERT INTO pesquisadores (nome, municipio, telefone, cpf, email, aprovacao, status_grupo, decisao_atual, audit_pendente, pix, banco, origem, proxima_acao) VALUES ('Maria Ferraz Matos', 'São Gabriel da Cachoeira', '97984602398', '041.453.382-86', 'agathamariaf@gmail.com', 'APROVADO', 'ADICIONADO AO GRUPO', 'PENDENTE', FALSE, '041.453.382-86', 'Nubank', 'Indicação de amigo ou familiar', 'Acompanhar');
INSERT INTO pesquisadores (nome, municipio, telefone, cpf, email, aprovacao, status_grupo, decisao_atual, audit_pendente, pix, banco, origem, proxima_acao) VALUES ('Yasmin Gabrielly Pereira Roldan', 'Tabatinga', '97984157680', NULL, 'tabatinga46@gmail.com', 'APROVADO', 'ADICIONADO AO GRUPO', 'PENDENTE', FALSE, '059.047.172-45', 'Bradesco', 'Indicação de amigo ou familiar', 'Acompanhar');
INSERT INTO pesquisadores (nome, municipio, telefone, cpf, email, aprovacao, status_grupo, decisao_atual, audit_pendente, pix, banco, origem, proxima_acao) VALUES ('Mayam Maria Monteiro de Souza', 'Tabatinga', '97984079233', '027.736.702-64', 'mayammaria14@gmail.com', 'RESERVA', 'ADICIONADO AO GRUPO', 'PENDENTE', FALSE, '027.736.702-64', 'Bradesco', 'Instagram', 'Acompanhar');
INSERT INTO pesquisadores (nome, municipio, telefone, cpf, email, aprovacao, status_grupo, decisao_atual, audit_pendente, pix, banco, origem, proxima_acao) VALUES ('Eliana Pereira Guzman', 'Tabatinga', '97981231136', '013.749.242-10', 'elianaguzmansud@gmail.com', 'APROVADO', 'ADICIONADO AO GRUPO', 'PENDENTE', FALSE, '013.749.242-10', 'Bradesco', 'Instagram', 'Acompanhar');
INSERT INTO pesquisadores (nome, municipio, telefone, cpf, email, aprovacao, status_grupo, decisao_atual, audit_pendente, pix, banco, origem, proxima_acao) VALUES ('Yuler Gonçalves da Silva', 'Tapauá', '92984295489', '949.346.812-72', 'ygstpa@gmail.com', 'APROVADO', 'ADICIONADO AO GRUPO', 'PENDENTE', FALSE, '949.346.812-72', 'Bradesco', 'Instagram', 'Acompanhar');
INSERT INTO pesquisadores (nome, municipio, telefone, cpf, email, aprovacao, status_grupo, decisao_atual, audit_pendente, pix, banco, origem, proxima_acao) VALUES ('Guilherme Gonçalves de Andrade', 'Tapauá', '92991185923', '011.469.492-35', 'glhrm.andrade@gmail.com', 'APROVADO', 'ADICIONADO AO GRUPO', 'PENDENTE', FALSE, '92991185923', 'Bradesco', 'Instagram', 'Acompanhar');
INSERT INTO pesquisadores (nome, municipio, telefone, cpf, email, aprovacao, status_grupo, decisao_atual, audit_pendente, pix, banco, origem, proxima_acao) VALUES ('Meiry Fonseca da Silva', 'Tapauá', '97984349316', '035.360.982-07', 'meiry4373@gmail.com', 'APROVADO', 'ADICIONADO AO GRUPO', 'PENDENTE', FALSE, 'meiry4373@gmail.com', 'Inter', 'Instagram', 'Acompanhar');
INSERT INTO pesquisadores (nome, municipio, telefone, cpf, email, aprovacao, status_grupo, decisao_atual, audit_pendente, pix, banco, origem, proxima_acao) VALUES ('Mayara Santos de Carvalho Venancio Mendes de Sousa', 'Tefé', '97981020213', '022.195.352-31', 'ms4237163@gmail.com', 'APROVADO', 'ADICIONADO AO GRUPO', 'PENDENTE', FALSE, '002.195.352-31', 'Caixa Econômica Federal', 'Instagram', 'Acompanhar');
INSERT INTO pesquisadores (nome, municipio, telefone, cpf, email, aprovacao, status_grupo, decisao_atual, audit_pendente, pix, banco, origem, proxima_acao) VALUES ('Francisco de Carvalho Brito', 'Tefé', '97984430335', '523.766.642-68', 'franciscobritotefe2021@gmail.com', 'APROVADO', 'ADICIONADO AO GRUPO', 'PENDENTE', FALSE, '532.766.642-68', 'Bradesco', NULL, 'Acompanhar');
INSERT INTO pesquisadores (nome, municipio, telefone, cpf, email, aprovacao, status_grupo, decisao_atual, audit_pendente, pix, banco, origem, proxima_acao) VALUES ('Gabriel Souza Bruce', 'Tefé', '97981005869', '077.951.032-19', 'gb711258@gmail.com', 'APROVADO', 'ADICIONADO AO GRUPO', 'PENDENTE', FALSE, 'gb711258@gmail.com', 'Nubank', 'Indicação', 'Acompanhar');
INSERT INTO pesquisadores (nome, municipio, telefone, cpf, email, aprovacao, status_grupo, decisao_atual, audit_pendente, pix, banco, origem, proxima_acao) VALUES ('Rayfran da Silva Nunes', 'Tefé', '97981127184', '061.248.352-58', 'givone691@gmail.com', 'APROVADO', 'ADICIONADO AO GRUPO', 'PENDENTE', FALSE, '97981127184', 'Bradesco', 'Instagram', 'Acompanhar');
INSERT INTO pesquisadores (nome, municipio, telefone, cpf, email, aprovacao, status_grupo, decisao_atual, audit_pendente, pix, banco, origem, proxima_acao) VALUES ('André Martins', 'Tonantins', '92991312474', '867.521.032-91', 'andre92mart@gmail.com', 'RESERVA', 'ADICIONADO AO GRUPO', 'PENDENTE', FALSE, '867.521.032-91', 'Banco do Brasil', 'Instagram', 'Acompanhar');
INSERT INTO pesquisadores (nome, municipio, telefone, cpf, email, aprovacao, status_grupo, decisao_atual, audit_pendente, pix, banco, origem, proxima_acao) VALUES ('Irlan Meireles Moraes', 'Uarini', '92985974578', '028.566.532-43', 'irlanmeireles318@gmail.com', 'APROVADO', 'ADICIONADO AO GRUPO', 'AJUSTES IMPORTANTES', FALSE, '028.566.532-43', 'Bradesco', 'Instagram', 'Retreinamento intensivo + reauditoria 100% próxima');
INSERT INTO pesquisadores (nome, municipio, telefone, cpf, email, aprovacao, status_grupo, decisao_atual, audit_pendente, pix, banco, origem, proxima_acao) VALUES ('Denilson Santos de Oliveira', 'Uarini', '97984395648', '021.025.252-95', 'denilson.oliveira33@gmail.com', 'APROVADO', 'ADICIONADO AO GRUPO', 'APROVADO C/ OBS', FALSE, '021.025.252-95', 'Nubank', 'Instagram', 'Enviar feedback escrito');
INSERT INTO pesquisadores (nome, municipio, telefone, cpf, email, aprovacao, status_grupo, decisao_atual, audit_pendente, pix, banco, origem, proxima_acao) VALUES ('Maria Sônia Santos dos Santos', 'Urucará', '92993941621', '042.491.482-46', 'soniamarias199@gmail.com', 'APROVADO', 'ADICIONADO AO GRUPO', 'PENDENTE', FALSE, '92993941621', 'Nubank', 'Instagram', 'Acompanhar');

-- Auditorias R1 (15 registros)
INSERT INTO auditorias (pesquisador_id, rodada, data_auditoria, auditor, resultado, detalhes, mensagem_enviada) VALUES (7, 'R1', '2026-04-30', 'Alessandra Nunes', 'APROVADO', '76 pesquisas. Pequeno nervosismo no início, mas evoluiu bem.', FALSE);
INSERT INTO auditorias (pesquisador_id, rodada, data_auditoria, auditor, resultado, detalhes, mensagem_enviada) VALUES (50, 'R1', '2026-04-30', 'Nazaré', 'APROVADO C/ OBS', '3 ressalvas: contradição rejeição/voto Senado, esquecimento de filtro de eleitor, repetição de candidato em rejeição.', FALSE);
INSERT INTO auditorias (pesquisador_id, rodada, data_auditoria, auditor, resultado, detalhes, mensagem_enviada) VALUES (36, 'R1', '2026-04-30', 'Gian', 'AJUSTES IMPORTANTES', '17/20 com erro: incoerências múltiplas, esqueceu nomes, idade errada, bairro errado, entrevistou pessoa que não vota em Manacapuru.', FALSE);
INSERT INTO auditorias (pesquisador_id, rodada, data_auditoria, auditor, resultado, detalhes, mensagem_enviada) VALUES (29, 'R1', '2026-04-30', 'Alessandra Rocha', 'AJUSTES SIMPLES', 'Múltiplas incoerências em Senado, perguntou sexo (proibido), citou opções nulo/branco (indução).', FALSE);
INSERT INTO auditorias (pesquisador_id, rodada, data_auditoria, auditor, resultado, detalhes, mensagem_enviada) VALUES (28, 'R1', '2026-04-30', 'Eliete', 'ADVERTÊNCIA FINAL', 'Auditor: NÃO TEM MATERIAL EM MÃOS. Indução massiva, terceiros respondendo, famílias com respostas idênticas em intervalos curtos.', FALSE);
INSERT INTO auditorias (pesquisador_id, rodada, data_auditoria, auditor, resultado, detalhes, mensagem_enviada) VALUES (40, 'R1', '2026-04-30', 'Karina', 'ADVERTÊNCIA FINAL', '"Mario Fonseca" como bairro em ~30 pesquisas, mesmo entrevistado declarando outros. Citou nomes em todas. Idade errada.', FALSE);
INSERT INTO auditorias (pesquisador_id, rodada, data_auditoria, auditor, resultado, detalhes, mensagem_enviada) VALUES (74, 'R1', '2026-04-30', 'Sara', 'AJUSTES IMPORTANTES', 'Não pergunta se vota no município, religião errada, números aleatórios em telefone, entrevistados fora de cotação.', FALSE);
INSERT INTO auditorias (pesquisador_id, rodada, data_auditoria, auditor, resultado, detalhes, mensagem_enviada) VALUES (16, 'R1', '2026-04-30', 'Talitha', 'ADVERTÊNCIA FINAL', '67 pesquisas, todas com problema. Não pergunta filtros, telefones inventados, comentário sobre "decorar contato da moça".', FALSE);
INSERT INTO auditorias (pesquisador_id, rodada, data_auditoria, auditor, resultado, detalhes, mensagem_enviada) VALUES (58, 'R1', '2026-04-30', 'Alice', 'AJUSTES IMPORTANTES', '24+ sem perguntar se era eleitor. Suspeita de uso de cartela. Idade e religião erradas.', FALSE);
INSERT INTO auditorias (pesquisador_id, rodada, data_auditoria, auditor, resultado, detalhes, mensagem_enviada) VALUES (22, 'R1', '2026-04-30', 'Allan', 'AJUSTES IMPORTANTES', '13 incoerências. ATENÇÃO: entrou na residência dos entrevistados; pediu para analfabeto ler.', FALSE);
INSERT INTO auditorias (pesquisador_id, rodada, data_auditoria, auditor, resultado, detalhes, mensagem_enviada) VALUES (56, 'R1', '2026-04-30', 'Layane', 'AJUSTES SIMPLES', 'Erros sistemáticos de religião (cristão→católico). Cita opções (indução em todas).', FALSE);
INSERT INTO auditorias (pesquisador_id, rodada, data_auditoria, auditor, resultado, detalhes, mensagem_enviada) VALUES (23, 'R1', '2026-04-30', 'Camila + Ely', 'AJUSTES IMPORTANTES', 'Indução sistemática, números fictícios reutilizados. Auditado por DUAS auditoras.', FALSE);
INSERT INTO auditorias (pesquisador_id, rodada, data_auditoria, auditor, resultado, detalhes, mensagem_enviada) VALUES (14, 'R1', '2026-04-30', 'Camila', 'APROVADO C/ OBS', 'Cita nome dos candidatos (indução leve), não confirma nome quando entrevistado aponta, 1 incoerência.', FALSE);
INSERT INTO auditorias (pesquisador_id, rodada, data_auditoria, auditor, resultado, detalhes, mensagem_enviada) VALUES (30, 'R1', '2026-04-30', 'Alice', 'AUDITORIA PENDENTE', 'Aguardando complemento da auditoria — cobrar Alice.', FALSE);
INSERT INTO auditorias (pesquisador_id, rodada, data_auditoria, auditor, resultado, detalhes, mensagem_enviada) VALUES (75, 'R1', '2026-04-30', 'Alessandra Rocha', 'APROVADO C/ OBS', 'Ambiente barulhento e voz baixa demais. Orientar locais silenciosos e elevar volume.', FALSE);

-- Pagamentos R1 (status sugerido conforme decisão)
INSERT INTO pagamentos (pesquisador_id, rodada, pesquisas_realizadas, valor_unitario, status) VALUES (1, 'R1', 1, 5.00, 'LIBERADO');
INSERT INTO pagamentos (pesquisador_id, rodada, pesquisas_realizadas, valor_unitario, status) VALUES (2, 'R1', 23, 5.00, 'LIBERADO');
INSERT INTO pagamentos (pesquisador_id, rodada, pesquisas_realizadas, valor_unitario, status) VALUES (3, 'R1', 38, 5.00, 'LIBERADO');
INSERT INTO pagamentos (pesquisador_id, rodada, pesquisas_realizadas, valor_unitario, status) VALUES (6, 'R1', 16, 5.00, 'LIBERADO');
INSERT INTO pagamentos (pesquisador_id, rodada, pesquisas_realizadas, valor_unitario, status) VALUES (7, 'R1', 75, 5.00, 'LIBERADO');
INSERT INTO pagamentos (pesquisador_id, rodada, pesquisas_realizadas, valor_unitario, status) VALUES (8, 'R1', 36, 5.00, 'LIBERADO');
INSERT INTO pagamentos (pesquisador_id, rodada, pesquisas_realizadas, valor_unitario, status) VALUES (9, 'R1', 9, 5.00, 'LIBERADO');
INSERT INTO pagamentos (pesquisador_id, rodada, pesquisas_realizadas, valor_unitario, status) VALUES (10, 'R1', 20, 5.00, 'LIBERADO');
INSERT INTO pagamentos (pesquisador_id, rodada, pesquisas_realizadas, valor_unitario, status) VALUES (12, 'R1', 65, 5.00, 'LIBERADO');
INSERT INTO pagamentos (pesquisador_id, rodada, pesquisas_realizadas, valor_unitario, status) VALUES (13, 'R1', 11, 5.00, 'LIBERADO');
INSERT INTO pagamentos (pesquisador_id, rodada, pesquisas_realizadas, valor_unitario, status) VALUES (14, 'R1', 61, 5.00, 'LIBERADO');
INSERT INTO pagamentos (pesquisador_id, rodada, pesquisas_realizadas, valor_unitario, status) VALUES (15, 'R1', 14, 5.00, 'LIBERADO');
INSERT INTO pagamentos (pesquisador_id, rodada, pesquisas_realizadas, valor_unitario, status) VALUES (16, 'R1', 70, 5.00, 'LIBERADO');
INSERT INTO pagamentos (pesquisador_id, rodada, pesquisas_realizadas, valor_unitario, status) VALUES (17, 'R1', 40, 5.00, 'LIBERADO');
INSERT INTO pagamentos (pesquisador_id, rodada, pesquisas_realizadas, valor_unitario, status) VALUES (18, 'R1', 9, 5.00, 'LIBERADO');
INSERT INTO pagamentos (pesquisador_id, rodada, pesquisas_realizadas, valor_unitario, status) VALUES (19, 'R1', 32, 5.00, 'LIBERADO');
INSERT INTO pagamentos (pesquisador_id, rodada, pesquisas_realizadas, valor_unitario, status) VALUES (20, 'R1', 10, 5.00, 'LIBERADO');
INSERT INTO pagamentos (pesquisador_id, rodada, pesquisas_realizadas, valor_unitario, status) VALUES (22, 'R1', 68, 5.00, 'LIBERADO');
INSERT INTO pagamentos (pesquisador_id, rodada, pesquisas_realizadas, valor_unitario, status) VALUES (23, 'R1', 66, 5.00, 'LIBERADO');
INSERT INTO pagamentos (pesquisador_id, rodada, pesquisas_realizadas, valor_unitario, status) VALUES (24, 'R1', 54, 5.00, 'LIBERADO');
INSERT INTO pagamentos (pesquisador_id, rodada, pesquisas_realizadas, valor_unitario, status) VALUES (26, 'R1', 62, 5.00, 'LIBERADO');
INSERT INTO pagamentos (pesquisador_id, rodada, pesquisas_realizadas, valor_unitario, status) VALUES (27, 'R1', 1, 5.00, 'LIBERADO');
INSERT INTO pagamentos (pesquisador_id, rodada, pesquisas_realizadas, valor_unitario, status) VALUES (28, 'R1', 71, 5.00, 'LIBERADO');
INSERT INTO pagamentos (pesquisador_id, rodada, pesquisas_realizadas, valor_unitario, status) VALUES (29, 'R1', 72, 5.00, 'LIBERADO');
INSERT INTO pagamentos (pesquisador_id, rodada, pesquisas_realizadas, valor_unitario, status) VALUES (30, 'R1', 53, 5.00, 'BLOQUEADO (audit. pendente)');
INSERT INTO pagamentos (pesquisador_id, rodada, pesquisas_realizadas, valor_unitario, status) VALUES (32, 'R1', 70, 5.00, 'LIBERADO');
INSERT INTO pagamentos (pesquisador_id, rodada, pesquisas_realizadas, valor_unitario, status) VALUES (33, 'R1', 36, 5.00, 'LIBERADO');
INSERT INTO pagamentos (pesquisador_id, rodada, pesquisas_realizadas, valor_unitario, status) VALUES (34, 'R1', 32, 5.00, 'LIBERADO');
INSERT INTO pagamentos (pesquisador_id, rodada, pesquisas_realizadas, valor_unitario, status) VALUES (35, 'R1', 20, 5.00, 'LIBERADO');
INSERT INTO pagamentos (pesquisador_id, rodada, pesquisas_realizadas, valor_unitario, status) VALUES (36, 'R1', 73, 5.00, 'LIBERADO');
INSERT INTO pagamentos (pesquisador_id, rodada, pesquisas_realizadas, valor_unitario, status) VALUES (37, 'R1', 2, 5.00, 'LIBERADO');
INSERT INTO pagamentos (pesquisador_id, rodada, pesquisas_realizadas, valor_unitario, status) VALUES (38, 'R1', 2, 5.00, 'LIBERADO');
INSERT INTO pagamentos (pesquisador_id, rodada, pesquisas_realizadas, valor_unitario, status) VALUES (39, 'R1', 35, 5.00, 'LIBERADO');
INSERT INTO pagamentos (pesquisador_id, rodada, pesquisas_realizadas, valor_unitario, status) VALUES (40, 'R1', 70, 5.00, 'LIBERADO');
INSERT INTO pagamentos (pesquisador_id, rodada, pesquisas_realizadas, valor_unitario, status) VALUES (41, 'R1', 41, 5.00, 'LIBERADO');
INSERT INTO pagamentos (pesquisador_id, rodada, pesquisas_realizadas, valor_unitario, status) VALUES (42, 'R1', 37, 5.00, 'LIBERADO');
INSERT INTO pagamentos (pesquisador_id, rodada, pesquisas_realizadas, valor_unitario, status) VALUES (43, 'R1', 33, 5.00, 'LIBERADO');
INSERT INTO pagamentos (pesquisador_id, rodada, pesquisas_realizadas, valor_unitario, status) VALUES (44, 'R1', 27, 5.00, 'LIBERADO');
INSERT INTO pagamentos (pesquisador_id, rodada, pesquisas_realizadas, valor_unitario, status) VALUES (45, 'R1', 22, 5.00, 'LIBERADO');
INSERT INTO pagamentos (pesquisador_id, rodada, pesquisas_realizadas, valor_unitario, status) VALUES (46, 'R1', 1, 5.00, 'LIBERADO');
INSERT INTO pagamentos (pesquisador_id, rodada, pesquisas_realizadas, valor_unitario, status) VALUES (47, 'R1', 62, 5.00, 'LIBERADO');
INSERT INTO pagamentos (pesquisador_id, rodada, pesquisas_realizadas, valor_unitario, status) VALUES (48, 'R1', 13, 5.00, 'LIBERADO');
INSERT INTO pagamentos (pesquisador_id, rodada, pesquisas_realizadas, valor_unitario, status) VALUES (50, 'R1', 74, 5.00, 'LIBERADO');
INSERT INTO pagamentos (pesquisador_id, rodada, pesquisas_realizadas, valor_unitario, status) VALUES (51, 'R1', 30, 5.00, 'LIBERADO');
INSERT INTO pagamentos (pesquisador_id, rodada, pesquisas_realizadas, valor_unitario, status) VALUES (52, 'R1', 18, 5.00, 'LIBERADO');
INSERT INTO pagamentos (pesquisador_id, rodada, pesquisas_realizadas, valor_unitario, status) VALUES (53, 'R1', 7, 5.00, 'LIBERADO');
INSERT INTO pagamentos (pesquisador_id, rodada, pesquisas_realizadas, valor_unitario, status) VALUES (54, 'R1', 2, 5.00, 'LIBERADO');
INSERT INTO pagamentos (pesquisador_id, rodada, pesquisas_realizadas, valor_unitario, status) VALUES (55, 'R1', 1, 5.00, 'LIBERADO');
INSERT INTO pagamentos (pesquisador_id, rodada, pesquisas_realizadas, valor_unitario, status) VALUES (56, 'R1', 67, 5.00, 'LIBERADO');
INSERT INTO pagamentos (pesquisador_id, rodada, pesquisas_realizadas, valor_unitario, status) VALUES (57, 'R1', 29, 5.00, 'LIBERADO');
INSERT INTO pagamentos (pesquisador_id, rodada, pesquisas_realizadas, valor_unitario, status) VALUES (58, 'R1', 68, 5.00, 'LIBERADO');
INSERT INTO pagamentos (pesquisador_id, rodada, pesquisas_realizadas, valor_unitario, status) VALUES (59, 'R1', 42, 5.00, 'LIBERADO');
INSERT INTO pagamentos (pesquisador_id, rodada, pesquisas_realizadas, valor_unitario, status) VALUES (61, 'R1', 9, 5.00, 'LIBERADO');
INSERT INTO pagamentos (pesquisador_id, rodada, pesquisas_realizadas, valor_unitario, status) VALUES (63, 'R1', 11, 5.00, 'LIBERADO');
INSERT INTO pagamentos (pesquisador_id, rodada, pesquisas_realizadas, valor_unitario, status) VALUES (64, 'R1', 9, 5.00, 'LIBERADO');
INSERT INTO pagamentos (pesquisador_id, rodada, pesquisas_realizadas, valor_unitario, status) VALUES (66, 'R1', 58, 5.00, 'LIBERADO');
INSERT INTO pagamentos (pesquisador_id, rodada, pesquisas_realizadas, valor_unitario, status) VALUES (67, 'R1', 26, 5.00, 'LIBERADO');
INSERT INTO pagamentos (pesquisador_id, rodada, pesquisas_realizadas, valor_unitario, status) VALUES (68, 'R1', 10, 5.00, 'LIBERADO');
INSERT INTO pagamentos (pesquisador_id, rodada, pesquisas_realizadas, valor_unitario, status) VALUES (69, 'R1', 6, 5.00, 'LIBERADO');
INSERT INTO pagamentos (pesquisador_id, rodada, pesquisas_realizadas, valor_unitario, status) VALUES (70, 'R1', 4, 5.00, 'LIBERADO');
INSERT INTO pagamentos (pesquisador_id, rodada, pesquisas_realizadas, valor_unitario, status) VALUES (73, 'R1', 61, 5.00, 'LIBERADO');
INSERT INTO pagamentos (pesquisador_id, rodada, pesquisas_realizadas, valor_unitario, status) VALUES (74, 'R1', 70, 5.00, 'LIBERADO');
INSERT INTO pagamentos (pesquisador_id, rodada, pesquisas_realizadas, valor_unitario, status) VALUES (75, 'R1', 47, 5.00, 'LIBERADO');
INSERT INTO pagamentos (pesquisador_id, rodada, pesquisas_realizadas, valor_unitario, status) VALUES (76, 'R1', 18, 5.00, 'LIBERADO');

-- Fim do seed.
